,날짜,언론사,기사제목,링크
0, 2021.02.03 18:04,파이낸셜뉴스,자동먼지배출 무선청소기 ‘삼성 제트’ 판매량 2배↑,https://finance.naver.com/item/news_read.nhn?article_id=0004578274&office_id=014&code=005930&page=1&sm=
1, 2021.02.03 11:09,머니투데이,"먼지통 위생 잡은 삼성 무선청소기, 2배 더 팔렸다",https://finance.naver.com/item/news_read.nhn?article_id=0004538286&office_id=008&code=005930&page=1&sm=
2, 2021.02.03 11:04,서울경제,삼성 무선청소기 '제트' 작년 판매량 2배↑,https://finance.naver.com/item/news_read.nhn?article_id=0003866598&office_id=011&code=005930&page=1&sm=
3, 2021.02.03 11:03,헤럴드경제,"‘삼성 제트’ 무선청소기, 청정스테이션 효과로 판매량 2배 껑충",https://finance.naver.com/item/news_read.nhn?article_id=0001788877&office_id=016&code=005930&page=1&sm=
4, 2021.02.03 11:01,매일경제,삼성 무선청소기 '삼성제트' 판매 지난해 큰 폭 증가…청정스테이션 덕...,https://finance.naver.com/item/news_read.nhn?article_id=0004743800&office_id=009&code=005930&page=1&sm=
5, 2021.02.03 11:01,파이낸셜뉴스,자동먼지배출 무선청소기 '삼성 제트' 판매량 2배 껑충,https://finance.naver.com/item/news_read.nhn?article_id=0004577806&office_id=014&code=005930&page=1&sm=
6, 2021.02.03 17:25,한국경제,"삼성, 美 클라우드 플랫폼 벤처에 투자",https://finance.naver.com/item/news_read.nhn?article_id=0004494407&office_id=015&code=005930&page=1&sm=
7, 2021.02.03 17:00,매일경제,삼성전자 'SAMSUNG PixCell LED' 상표등록…41조 차량용...,https://finance.naver.com/item/news_read.nhn?article_id=0004744100&office_id=009&code=005930&page=1&sm=
8, 2021.02.03 17:00,한국경제,[속보] 5월부터 '삼성전자·셀트리온' 공매도 재개,https://finance.naver.com/item/news_read.nhn?article_id=0004494314&office_id=015&code=005930&page=1&sm=
9, 2021.02.03 16:46,매일경제,"삼성전자, 유럽서 '녹색IT' 인정받았다",https://finance.naver.com/item/news_read.nhn?article_id=0004744079&office_id=009&code=005930&page=1&sm=
10, 2021.02.03 11:41,헤럴드경제,"삼성전자, 까다로운 유럽 친환경 기준 통과",https://finance.naver.com/item/news_read.nhn?article_id=0001788993&office_id=016&code=005930&page=1&sm=
11, 2021.02.03 16:46,머니투데이,"관행과의 결별 1년…""삼성은 준법위 이전과 이후로 나뉜다""",https://finance.naver.com/item/news_read.nhn?article_id=0004538587&office_id=008&code=005930&page=1&sm=
12, 2021.02.03 16:28,한국경제,"""아웃폴딩 최고""라던 화웨이, 결국 삼성 따라 안으로 접는다",https://finance.naver.com/item/news_read.nhn?article_id=0004494273&office_id=015&code=005930&page=1&sm=
13, 2021.02.03 14:09,헤럴드경제,"“삼성, 美반도체 공장 추가 투자에 25년간 100% 세제 혜택 요구”...",https://finance.naver.com/item/news_read.nhn?article_id=0001789093&office_id=016&code=005930&page=1&sm=
14, 2021.02.03 13:57,이데일리,"삼성전자, AMD 물량 수주 전망…파운드리 확장 속도낸다",https://finance.naver.com/item/news_read.nhn?article_id=0004844933&office_id=018&code=005930&page=1&sm=
15, 2021.02.03 12:11,헤럴드경제,삼성 라이벌을 꼽는다면? 야구 얘기가 아니다[TNA],https://finance.naver.com/item/news_read.nhn?article_id=0001789041&office_id=016&code=005930&page=1&sm=
